{"RandomForestRegressor":{"0":0.9343909746,"1":0.928460499,"2":0.9278441713},"GradientBoostingRegressor":{"0":0.9318265368,"1":0.9285915519,"2":0.926715249},"XGBRFRegressor":{"0":0.875861362,"1":0.879345226,"2":0.8836079573},"LGBMRegressor":{"0":0.9279687893,"1":0.9254845987,"2":0.9272021},"RNA":{"0":0.9125226504,"1":0.9133416624,"2":0.9168260112}}