{"RandomForestRegressor":{"0":0.9158357928,"1":0.9234676123,"2":0.9266782071,"3":0.9275752332,"4":0.9294090008},"GradientBoostingRegressor":{"0":0.9140225692,"1":0.9225833373,"2":0.9270153407,"3":0.9273401846,"4":0.9277053275},"XGBRFRegressor":{"0":0.9004673488,"1":0.9109498953,"2":0.9124723408,"3":0.9151938278,"4":0.9200207418},"LGBMRegressor":{"0":0.9109484924,"1":0.9192219515,"2":0.9250074176,"3":0.9258965438,"4":0.9275979588},"RNA":{"0":0.8773564408,"1":0.9118593661,"2":0.9158606443,"3":0.9193258834,"4":0.9155993321}}