{
    "RandomForestRegressor": {
        "n_estimators": 1053,
        "min_samples_split": 3,
        "min_samples_leaf": 5
    },
    "GradientBoostingRegressor": {
        "subsample": 0.37493519466188274,
        "n_estimators": 226,
        "min_samples_split": 5,
        "min_samples_leaf": 8,
        "max_depth": 3,
        "learning_rate": 0.05319467337384297
    },
    "XGBRFRegressor": {
        "subsample": 0.655318217134963,
        "reg_lambda": 0.44032969953300205,
        "reg_alpha": 0.09642526160368793,
        "max_depth": 3,
        "learning_rate": 0.21299455388829355,
        "gamma": 1,
        "colsample_bytree": 0.29653365463883435
    },
    "LGBMRegressor": {
        "subsample": 0.4129575908878756,
        "num_leaves": 27,
        "n_estimators": 236,
        "min_child_samples": 37,
        "max_depth": 2,
        "learning_rate": 0.10882779869787841,
        "colsample_bytree": 0.6794292054564941
    },
    "RNA": {
        "optimizer__learning_rate": 0.004069388665539154,
        "hidden_layer_units": 69,
        "dropout": 0.5753872152012185,
        "batch_size":32,
        "epochs":250,
        
        "verbose":0
    }
}