Tmin,10
CP,TSUPPLY,TTARGET
22.51281405988149,127.89865727586886,40.0
23.149021954459155,146.96242469498463,40.0
25.020718361826802,148.12917046158054,40.0
587.4185498918278,53.40180129514715,218.65617476611862
599.642777319859,272.9652367405257,35.0
104.16744719515042,32.69017198336928,80.0
114.69839251414848,60,70
75.03406230719551,95,105
