Tmin,10
CP,TSUPPLY,TTARGET
22.51281405988149,127.89865727586886,40.0
23.149021954459155,146.96242469498463,40.0
25.020718361826802,148.12917046158054,40.0
561.5483435215807,52.682923921099245,205.2442125355788
574.6468870377457,260.263570344261,35.0
100.21943290285753,30.712908483531066,80.0
117.93064160408503,60,70
76.80959908763832,95,105
