{"RandomForestRegressor":{"Nelder-Mead":-0.5681087528,"BFGS":-0.5016602702,"SLSQP":-0.5016602702,"PSO":-0.1632739785,"Differencial_evolution":0.4216203606},"GradientBoostingRegressor":{"Nelder-Mead":0.2840700714,"BFGS":-0.5513700049,"SLSQP":-0.5513700049,"PSO":-0.7274649434,"Differencial_evolution":0.334998959},"XGBRFRegressor":{"Nelder-Mead":0.3570343491,"BFGS":-0.3278919286,"SLSQP":-0.3278919286,"PSO":0.3489163963,"Differencial_evolution":1.3328806718},"LGBMRegressor":{"Nelder-Mead":0.1802794329,"BFGS":0.1588221135,"SLSQP":0.1588221135,"PSO":0.2935900131,"Differencial_evolution":0.4152293012},"RNA":{"Nelder-Mead":null,"BFGS":-0.3035274819,"SLSQP":-0.4425684799,"PSO":0.1676377192,"Differencial_evolution":0.238937845}}